{
    "ObservationTemplate": {
        "resourceType": "Observation",
        "id" : "mjkim515",
        "status": "final",
        "category": [
            {
                "coding": [
                    {
                        "system": "https://",
                        "code": "procedure",
                        "display": "Procedure"
                    }
                ]
            }
        ],
        "code": {
            "coding": [
                {
                    "system": "urn:oid:",
                    "code": "",
                    "display": "MDC_ECG_ELEC_POTL"
                }
            ]
        },
        "subject": {
          "reference": ""
        },
        "component": [
            {
                "code": {
                    "coding": [
                        {
                            "system": "urn:oid:",
                            "code": "131329",
                            "display": "MDC_ECG_ELEC_POTL_I"
                        },
                        {
                          "code" : "uV",
                          "system" : "http:",
                          "display" : "microvolt"
                        }
                    ]
                },
                "valueSampledData": {
                    "period": 30.0,
                    "dimensions": 2,
                    "origin": {
                        "value": 0.0
                    },
                    "data": "data"
                }
            }
        ]
    },
    "SymptomTemplate": {
        "code": {
          "coding": [
            {
              "system": "https://loinc.org",
              "code": "75325-1",
              "display": "Symptom"
            }
          ]
        },
        "valueCodeableConcept": {
            "coding": [
                {
                    "system": "https://www.hl7.org/fhir/codesystem-data-absent-reason.html",
                    "code": "asked-declined",
                    "display": "Asked But Declined"
                }
            ],
            "text": "The source was asked but declined to answer."
        }
    },
    "ClassificationTemplate": {
        "code": {
          "coding": [
            {
              "system": "http://snomed.info/sct",
              "code": "271921002",
              "display": "Electrocardiogram finding"
            }
          ]
        },
        "valueCodeableConcept": {
            "coding": [
                {
                    "system": "http://snomed.info/sct",
                    "code": "",
                    "display": ""
                }
            ],
            "text": "classification"
        }
    }
}
